noise_rate,accuracy,roc_auc,random_state
0.0,0.855980346998311,0.909838452570108,42
0.05,0.8575157377552587,0.907253384164586,42
0.1,0.8535237217871948,0.9030939827902851,42
0.2,0.8400122831260556,0.8921109242483646,42
